Timestamp,ID,Symbol,Name,Current Price,Market Cap,Market Cap Rank,Total Volume,High 24h,Low 24h,Price Change 24h,Price Change % 24h,Last Updated
2025-02-24 18:21:42,bitcoin,btc,Bitcoin,95704.00,1897304442120,1,24461762888,96481.00,95113.00,-558.02,-0.58,2025-02-24T10:20:43.608Z
2025-02-24 18:21:42,ethereum,eth,Ethereum,2684.39,323713062374,2,25287957185,2835.44,2685.11,-125.57,-4.47,2025-02-24T10:20:50.028Z
2025-02-24 18:21:42,ripple,xrp,XRP,2.46,142619818772,3,3083424015,2.59,2.45,-0.11,-4.33,2025-02-24T10:20:15.429Z
2025-02-24 18:21:42,tether,usdt,Tether,1.00,142445329102,4,52751412209,1.00,1.00,0.00,0.01,2025-02-24T10:20:10.009Z
2025-02-24 18:21:42,binancecoin,bnb,BNB,641.38,93718186108,5,703499377,662.22,637.98,-19.70,-2.98,2025-02-24T10:20:42.962Z
2025-02-24 18:21:42,solana,sol,Solana,157.26,77423626627,6,3771124725,171.42,157.68,-14.16,-8.26,2025-02-24T10:20:28.008Z
2025-02-24 18:21:42,usd-coin,usdc,USDC,1.00,57257773762,7,5744865217,1.00,1.00,-0.00,-0.00,2025-02-24T10:20:16.156Z
2025-02-24 18:21:42,dogecoin,doge,Dogecoin,0.23,33993310446,8,1335316046,0.25,0.23,-0.02,-6.50,2025-02-24T10:20:52.443Z
2025-02-24 18:21:42,cardano,ada,Cardano,0.73,26383099645,9,559762693,0.78,0.73,-0.05,-5.85,2025-02-24T10:20:49.488Z
2025-02-24 18:21:42,staked-ether,steth,Lido Staked Ether,2679.33,25239671713,10,36985004,2823.81,2680.76,-116.66,-4.17,2025-02-24T10:20:06.857Z
2025-02-24 18:21:42,tron,trx,TRON,0.25,21196644229,11,652520363,0.25,0.24,0.00,1.32,2025-02-24T10:20:42.791Z
2025-02-24 18:21:42,wrapped-bitcoin,wbtc,Wrapped Bitcoin,95559.00,12340373781,12,345540978,96477.00,95191.00,-554.30,-0.58,2025-02-24T10:20:32.991Z
2025-02-24 18:21:42,wrapped-steth,wsteth,Wrapped stETH,3206.44,11011181120,13,3893956,3382.82,3202.15,-147.11,-4.39,2025-02-24T10:20:09.282Z
2025-02-24 18:21:42,chainlink,link,Chainlink,16.66,10644133140,14,412542999,17.93,16.58,-1.26,-7.04,2025-02-24T10:20:49.882Z
2025-02-24 18:21:42,sui,sui,Sui,3.23,10004056809,15,765670890,3.44,3.24,-0.14,-4.27,2025-02-24T10:20:28.253Z
2025-02-24 18:21:42,avalanche-2,avax,Avalanche,23.70,9831240671,16,325137072,25.42,23.64,-1.72,-6.78,2025-02-24T10:20:50.761Z
2025-02-24 18:21:42,stellar,xlm,Stellar,0.32,9733931978,17,186853432,0.33,0.32,-0.02,-4.69,2025-02-24T10:20:18.672Z
2025-02-24 18:21:42,litecoin,ltc,Litecoin,122.86,9288451195,18,784347215,130.10,121.98,-5.17,-4.04,2025-02-24T10:20:51.403Z
2025-02-24 18:21:42,the-open-network,ton,Toncoin,3.70,9244455486,19,117024977,3.81,3.70,-0.10,-2.52,2025-02-24T10:20:18.211Z
2025-02-24 18:21:42,leo-token,leo,LEO Token,9.76,9020617589,20,2180132,9.80,9.66,0.04,0.45,2025-02-24T10:20:49.480Z
2025-02-24 18:21:42,shiba-inu,shib,Shiba Inu,0.00,8692742827,21,161030722,0.00,0.00,-0.00,-5.67,2025-02-24T10:20:48.611Z
2025-02-24 18:21:42,hedera-hashgraph,hbar,Hedera,0.20,8491659865,22,168647627,0.21,0.20,-0.01,-5.25,2025-02-24T10:20:51.833Z
2025-02-24 18:21:42,usds,usds,USDS,1.00,8467116726,23,21697279,1.00,1.00,-0.00,-0.12,2025-02-24T10:20:08.403Z
2025-02-24 18:21:42,mantra-dao,om,MANTRA,8.43,8227133658,24,504731014,8.61,8.30,-0.12,-1.39,2025-02-24T10:20:50.977Z
2025-02-24 18:21:42,weth,weth,WETH,2686.23,7577141661,25,1199807383,2834.21,2683.26,-122.46,-4.36,2025-02-24T10:20:27.613Z
2025-02-24 18:21:42,polkadot,dot,Polkadot,4.73,7203646500,26,156350651,5.06,4.72,-0.33,-6.56,2025-02-24T10:20:21.228Z
2025-02-24 18:21:42,hyperliquid,hype,Hyperliquid,21.45,7164536306,27,229102743,24.18,20.89,-2.73,-11.28,2025-02-24T10:20:42.637Z
2025-02-24 18:21:42,bitcoin-cash,bch,Bitcoin Cash,312.73,6216740599,28,175958044,330.18,313.59,-17.45,-5.29,2025-02-24T10:20:52.309Z
2025-02-24 18:21:42,bitget-token,bgb,Bitget Token,4.90,5893462160,29,426295169,5.19,4.90,-0.18,-3.55,2025-02-24T10:20:52.158Z
2025-02-24 18:21:42,ethena-usde,usde,Ethena USDe,1.00,5888023634,30,137499696,1.00,1.00,-0.00,-0.01,2025-02-24T10:20:48.362Z
2025-02-24 18:21:42,wrapped-eeth,weeth,Wrapped eETH,2847.99,5599808652,31,11647405,3002.88,2844.39,-128.65,-4.32,2025-02-24T10:20:09.204Z
2025-02-24 18:21:42,uniswap,uni,Uniswap,8.55,5146486597,32,167424381,9.18,8.53,-0.61,-6.70,2025-02-24T10:20:36.981Z
2025-02-24 18:21:42,monero,xmr,Monero,233.47,4306736536,33,40948101,237.53,232.29,-0.52,-0.22,2025-02-24T10:20:48.239Z
2025-02-24 18:21:42,whitebit,wbt,WhiteBIT Coin,27.49,3964223803,34,15832494,27.80,27.38,-0.23,-0.81,2025-02-24T10:20:09.792Z
2025-02-24 18:21:42,near,near,NEAR Protocol,3.31,3935040844,35,167273484,3.47,3.28,-0.16,-4.58,2025-02-24T10:20:45.011Z
2025-02-24 18:21:42,pepe,pepe,Pepe,0.00,3748222411,36,575144801,0.00,0.00,-0.00,-6.83,2025-02-24T10:20:51.058Z
2025-02-24 18:21:42,bittensor,tao,Bittensor,423.29,3560540680,37,166742487,439.65,404.16,-16.36,-3.72,2025-02-24T10:20:48.311Z
2025-02-24 18:21:42,aave,aave,Aave,234.82,3546342409,38,230158154,249.90,234.51,-15.08,-6.04,2025-02-24T10:20:43.050Z
2025-02-24 18:21:42,dai,dai,Dai,1.00,3470100238,39,478703358,1.00,1.00,-0.00,-0.01,2025-02-24T10:20:52.384Z
2025-02-24 18:21:42,ondo-finance,ondo,Ondo,1.09,3446910757,40,201718522,1.14,1.08,-0.05,-4.57,2025-02-24T10:20:46.563Z
2025-02-24 18:21:42,aptos,apt,Aptos,5.76,3390951039,41,175036125,6.22,5.73,-0.42,-6.86,2025-02-24T10:20:49.612Z
2025-02-24 18:21:42,internet-computer,icp,Internet Computer,6.80,3280003831,42,93343878,7.18,6.77,-0.38,-5.29,2025-02-24T10:20:48.379Z
2025-02-24 18:21:42,tokenize-xchange,tkx,Tokenize Xchange,38.82,3105373866,43,20374420,39.00,37.54,1.11,2.95,2025-02-24T10:20:36.985Z
2025-02-24 18:21:42,official-trump,trump,Official Trump,15.10,3022559487,44,630655413,16.25,14.95,-1.15,-7.07,2025-02-24T10:20:46.616Z
2025-02-24 18:21:42,ethereum-classic,etc,Ethereum Classic,19.72,2977190958,45,97086587,20.89,19.67,-1.17,-5.60,2025-02-24T10:20:48.736Z
2025-02-24 18:21:42,mantle,mnt,Mantle,0.86,2944474650,46,36231003,0.92,0.88,-0.06,-6.08,2025-02-24T10:20:51.052Z
2025-02-24 18:21:42,okb,okb,OKB,48.06,2883494906,47,4918684,49.71,48.08,-1.60,-3.23,2025-02-24T10:20:46.359Z
2025-02-24 18:21:42,gatechain-token,gt,Gate,22.71,2860542896,48,8449633,23.43,22.69,-0.62,-2.65,2025-02-24T10:20:49.967Z
2025-02-24 18:21:42,susds,susds,sUSDS,1.04,2828570051,49,3154335,1.04,1.03,-0.00,-0.14,2025-02-24T10:20:15.998Z
2025-02-24 18:21:42,sonic-3,s,Sonic (prev. FTM),0.86,2723785714,50,370095845,0.90,0.81,0.05,6.09,2025-02-24T10:20:45.136Z
2025-02-24 18:21:42,coinbase-wrapped-btc,cbbtc,Coinbase Wrapped BTC,95705.00,2639358685,51,273388617,96559.00,95223.00,-609.34,-0.63,2025-02-24T10:20:50.813Z
2025-02-24 18:21:42,vechain,vet,VeChain,0.03,2483996627,52,40467614,0.03,0.03,-0.00,-4.36,2025-02-24T10:20:31.642Z
2025-02-24 18:21:42,kaspa,kas,Kaspa,0.10,2466701188,53,39572592,0.10,0.09,-0.00,-4.87,2025-02-24T10:20:48.654Z
2025-02-24 18:21:42,polygon-ecosystem-token,pol,POL (ex-MATIC),0.28,2439831196,54,83609928,0.30,0.28,-0.01,-4.67,2025-02-24T10:20:52.205Z
2025-02-24 18:21:42,crypto-com-chain,cro,Cronos,0.09,2337508020,55,48942815,0.09,0.08,0.00,0.11,2025-02-24T10:20:51.696Z
2025-02-24 18:21:42,algorand,algo,Algorand,0.25,2108492613,56,71886525,0.26,0.25,-0.01,-5.67,2025-02-24T10:20:48.859Z
2025-02-24 18:21:42,filecoin,fil,Filecoin,3.26,2085515131,57,138700461,3.47,3.26,-0.21,-6.01,2025-02-24T10:20:49.249Z
2025-02-24 18:21:42,render-token,render,Render,3.98,2065563757,58,158003990,4.24,3.98,-0.25,-5.94,2025-02-24T10:20:12.140Z
2025-02-24 18:21:42,cosmos,atom,Cosmos Hub,4.67,2043801026,59,98994077,4.96,4.65,-0.29,-5.76,2025-02-24T10:20:51.778Z
2025-02-24 18:21:42,first-digital-usd,fdusd,First Digital USD,1.00,2038950771,60,6259730424,1.00,0.99,-0.00,-0.03,2025-02-24T10:20:49.161Z
2025-02-24 18:21:42,arbitrum,arb,Arbitrum,0.45,1988727003,61,175553919,0.49,0.45,-0.04,-7.76,2025-02-24T10:20:50.184Z
2025-02-24 18:21:42,lombard-staked-btc,lbtc,Lombard Staked BTC,95572.00,1932778662,62,1999831,96757.00,94905.00,-505.11,-0.53,2025-02-24T10:20:50.096Z
2025-02-24 18:21:42,fetch-ai,fet,Artificial Superintelligence Alliance,0.74,1925221822,63,129382246,0.77,0.74,-0.03,-4.02,2025-02-24T10:20:49.564Z
2025-02-24 18:21:42,jupiter-exchange-solana,jup,Jupiter,0.73,1924535879,64,166754232,0.78,0.72,-0.06,-7.10,2025-02-24T10:20:49.035Z
2025-02-24 18:21:42,celestia,tia,Celestia,3.52,1889765977,65,93126498,3.77,3.51,-0.19,-5.15,2025-02-24T10:20:49.049Z
2025-02-24 18:21:42,optimism,op,Optimism,1.10,1788246693,66,193982226,1.20,1.09,-0.06,-5.55,2025-02-24T10:20:46.810Z
2025-02-24 18:21:42,fasttoken,ftn,Fasttoken,3.95,1694390828,67,50399875,3.97,3.94,-0.00,-0.00,2025-02-24T10:20:48.991Z
2025-02-24 18:21:42,binance-peg-weth,weth,Binance-Peg WETH,2684.43,1624185448,68,65463731,2841.07,2682.80,-125.22,-4.46,2025-02-24T10:20:52.377Z
2025-02-24 18:21:42,kelp-dao-restaked-eth,rseth,Kelp DAO Restaked ETH,2782.37,1549528160,69,1032037,2935.07,2786.46,-128.61,-4.42,2025-02-24T10:20:48.415Z
2025-02-24 18:21:42,injective-protocol,inj,Injective,15.09,1478042599,70,111531916,16.23,15.03,-0.41,-2.64,2025-02-24T10:20:48.112Z
2025-02-24 18:21:42,kucoin-shares,kcs,KuCoin,12.00,1468975090,71,110137,12.10,11.96,-0.04,-0.33,2025-02-24T10:20:49.860Z
2025-02-24 18:21:42,solv-btc,solvbtc,Solv Protocol SolvBTC,95458.00,1451373087,72,1793572,96335.00,94974.00,-638.94,-0.66,2025-02-24T10:20:06.282Z
2025-02-24 18:21:42,lido-dao,ldo,Lido DAO,1.59,1431634435,73,120848288,1.72,1.58,-0.10,-5.85,2025-02-24T10:20:50.393Z
2025-02-24 18:21:42,quant-network,qnt,Quant,94.06,1367988469,74,27026718,95.98,91.87,-1.92,-2.00,2025-02-24T10:20:37.515Z
2025-02-24 18:21:42,rocket-pool-eth,reth,Rocket Pool ETH,3037.49,1351954988,75,6159170,3198.65,3029.91,-130.11,-4.11,2025-02-24T10:20:04.426Z
2025-02-24 18:21:42,sei-network,sei,Sei,0.29,1332943139,76,122660222,0.29,0.27,0.01,4.25,2025-02-24T10:20:37.540Z
2025-02-24 18:21:42,nexo,nexo,NEXO,1.31,1314280789,77,10386574,1.34,1.30,-0.02,-1.60,2025-02-24T10:20:49.285Z
2025-02-24 18:21:42,blockstack,stx,Stacks,0.87,1313235821,78,40758733,0.94,0.86,-0.07,-7.65,2025-02-24T10:20:44.019Z
2025-02-24 18:21:42,xdce-crowd-sale,xdc,XDC Network,0.08,1303949917,79,26503261,0.09,0.08,-0.00,-4.00,2025-02-24T10:20:50.498Z
2025-02-24 18:21:42,maker,mkr,Maker,1502.70,1280734700,80,221688737,1629.14,1455.87,-92.06,-5.77,2025-02-24T10:20:51.806Z
2025-02-24 18:21:42,ethena,ena,Ethena,0.41,1277358173,81,202718181,0.46,0.40,-0.05,-11.23,2025-02-24T10:20:48.735Z
2025-02-24 18:21:42,the-graph,grt,The Graph,0.13,1258463244,82,38904779,0.14,0.13,-0.01,-5.67,2025-02-24T10:20:26.166Z
2025-02-24 18:21:42,theta-token,theta,Theta Network,1.26,1255536118,83,21878201,1.34,1.26,-0.08,-6.24,2025-02-24T10:20:45.688Z
2025-02-24 18:21:42,worldcoin-wld,wld,Worldcoin,1.18,1242605245,84,192262970,1.26,1.17,-0.08,-6.23,2025-02-24T10:20:09.429Z
2025-02-24 18:21:42,mantle-staked-ether,meth,Mantle Staked Ether,2828.65,1232100184,85,22079128,2989.91,2832.33,-139.13,-4.69,2025-02-24T10:20:51.164Z
2025-02-24 18:21:42,binance-staked-sol,bnsol,Binance Staked SOL,163.80,1204157351,86,7693233,177.63,163.73,-13.76,-7.75,2025-02-24T10:20:51.454Z
2025-02-24 18:21:42,immutable-x,imx,Immutable,0.68,1198309033,87,42601931,0.72,0.66,-0.04,-5.59,2025-02-24T10:20:43.196Z
2025-02-24 18:21:42,bonk,bonk,Bonk,0.00,1147004376,88,71382972,0.00,0.00,-0.00,-7.85,2025-02-24T10:20:43.185Z
2025-02-24 18:21:42,flare-networks,flr,Flare,0.02,1132907395,89,8681972,0.02,0.02,-0.00,-4.42,2025-02-24T10:20:49.557Z
2025-02-24 18:21:42,usual-usd,usd0,Usual USD,1.00,1117247474,90,10028123,1.00,0.99,-0.00,-0.03,2025-02-24T10:20:43.675Z
2025-02-24 18:21:42,movement,move,Movement,0.46,1094069903,91,60522347,0.50,0.45,-0.04,-7.75,2025-02-24T10:20:43.819Z
2025-02-24 18:21:42,dexe,dexe,DeXe,18.50,1056840762,92,4957591,18.83,18.29,-0.16,-0.84,2025-02-24T10:20:51.763Z
2025-02-24 18:21:42,telcoin,tel,Telcoin,0.01,993803443,93,5063751,0.01,0.01,-0.00,-0.94,2025-02-24T10:20:08.183Z
2025-02-24 18:21:42,story-2,ip,Story,3.90,980720398,94,319837761,4.42,3.74,-0.52,-11.78,2025-02-24T10:20:12.898Z
2025-02-24 18:21:42,jasmycoin,jasmy,JasmyCoin,0.02,980516550,95,30622890,0.02,0.02,-0.00,-4.80,2025-02-24T10:20:48.636Z
2025-02-24 18:21:42,solv-protocol-solvbtc-bbn,solvbtc.bbn,Solv Protocol SolvBTC.BBN,94545.00,972404316,96,125040,95593.00,75444.00,-1045.96,-1.09,2025-02-24T10:20:20.848Z
2025-02-24 18:21:42,eos,eos,EOS,0.61,932750363,97,75263445,0.65,0.61,-0.04,-5.59,2025-02-24T10:20:48.402Z
2025-02-24 18:21:42,gala,gala,GALA,0.02,913069825,98,78361902,0.02,0.02,-0.00,-8.57,2025-02-24T10:20:51.566Z
2025-02-24 18:21:42,floki,floki,FLOKI,0.00,872986168,99,118131415,0.00,0.00,-0.00,-5.88,2025-02-24T10:20:49.040Z
2025-02-24 18:21:42,ethereum-name-service,ens,Ethereum Name Service,26.28,870805980,100,95900325,27.90,26.23,-1.62,-5.81,2025-02-24T10:20:48.123Z
2025-02-24 18:21:42,renzo-restaked-eth,ezeth,Renzo Restaked ETH,2788.84,858939805,101,2750999,2937.51,2782.34,-123.31,-4.23,2025-02-24T10:20:09.028Z
2025-02-24 18:21:42,tezos,xtz,Tezos,0.83,855039843,102,26461022,0.89,0.83,-0.06,-6.28,2025-02-24T10:20:49.878Z
2025-02-24 18:21:42,raydium,ray,Raydium,2.93,840920649,103,358653249,4.30,2.89,-1.37,-31.87,2025-02-24T10:20:44.342Z
2025-02-24 18:21:42,pyth-network,pyth,Pyth Network,0.23,829210796,104,59692125,0.25,0.23,-0.01,-5.07,2025-02-24T10:20:27.353Z
2025-02-24 18:21:42,the-sandbox,sand,The Sandbox,0.33,812535363,105,86160756,0.36,0.33,-0.02,-6.02,2025-02-24T10:20:23.935Z
2025-02-24 18:21:42,bittorrent,btt,BitTorrent,0.00,805201268,106,23334817,0.00,0.00,-0.00,-3.85,2025-02-24T10:20:42.490Z
2025-02-24 18:21:42,wbnb,wbnb,Wrapped BNB,640.30,802358440,107,263772970,662.47,638.18,-20.58,-3.11,2025-02-24T10:20:19.707Z
2025-02-24 18:21:42,msol,msol,Marinade Staked SOL,199.91,788585974,108,14350677,217.21,200.02,-17.30,-7.96,2025-02-24T10:20:43.706Z
2025-02-24 18:21:42,jito-governance-token,jto,Jito,2.64,787985370,109,53528669,2.82,2.65,-0.14,-5.07,2025-02-24T10:20:48.913Z
2025-02-24 18:21:42,iota,iota,IOTA,0.22,785465933,110,19863527,0.23,0.21,-0.01,-6.33,2025-02-24T10:20:48.044Z
2025-02-24 18:21:42,flow,flow,Flow,0.50,782239097,111,27085955,0.53,0.50,-0.03,-5.72,2025-02-24T10:20:49.262Z
2025-02-24 18:21:42,paypal-usd,pyusd,PayPal USD,1.00,779246732,112,19331502,1.00,1.00,-0.00,-0.06,2025-02-24T10:20:49.649Z
2025-02-24 18:21:42,kaia,kaia,Kaia,0.13,767250735,113,23511230,0.14,0.13,-0.01,-3.89,2025-02-24T10:20:48.436Z
2025-02-24 18:21:42,arbitrum-bridged-wbtc-arbitrum-one,wbtc,Arbitrum Bridged WBTC (Arbitrum One),95233.00,760625917,114,112998635,96539.00,94973.00,-990.52,-1.03,2025-02-24T10:20:49.065Z
2025-02-24 18:21:42,virtual-protocol,virtual,Virtuals Protocol,1.15,750846464,115,164380733,1.23,1.13,-0.08,-6.16,2025-02-24T10:20:32.976Z
2025-02-24 18:21:42,berachain-bera,bera,Berachain,6.74,727171303,116,267720066,7.15,6.55,-0.42,-5.82,2025-02-24T10:20:50.726Z
2025-02-24 18:21:42,tether-gold,xaut,Tether Gold,2939.85,725075801,117,4308736,2944.56,2921.43,2.92,0.10,2025-02-24T10:20:08.239Z
2025-02-24 18:21:42,neo,neo,NEO,10.06,710852129,118,21912532,10.74,10.04,-0.68,-6.33,2025-02-24T10:20:44.849Z
2025-02-24 18:21:42,ronin,ron,Ronin,1.14,704475990,120,12899163,1.23,1.14,-0.09,-7.69,2025-02-24T10:20:04.576Z
2025-02-24 18:21:42,bitcoin-cash-sv,bsv,Bitcoin SV,35.52,704428671,119,19621072,38.25,35.51,-2.64,-6.91,2025-02-24T10:20:52.412Z
2025-02-24 18:21:42,pancakeswap-token,cake,PancakeSwap,2.41,702042553,121,100344666,2.52,2.38,-0.11,-4.27,2025-02-24T10:20:48.561Z
2025-02-24 18:21:42,mantle-restaked-eth,cmeth,Mantle Restaked ETH,2825.31,654848183,122,11043596,2987.75,2825.44,-142.62,-4.81,2025-02-24T10:20:50.753Z
2025-02-24 18:21:42,jupiter-staked-sol,jupsol,Jupiter Staked SOL,171.25,649740523,123,6783752,186.47,171.76,-15.22,-8.16,2025-02-24T10:20:48.378Z
2025-02-24 18:21:42,helium,hnt,Helium,3.65,647646372,124,8790688,3.94,3.60,-0.16,-4.14,2025-02-24T10:20:51.819Z
2025-02-24 18:21:42,spx6900,spx,SPX6900,0.69,641446701,125,15134997,0.75,0.68,-0.05,-6.25,2025-02-24T10:20:36.913Z
2025-02-24 18:21:42,elrond-erd-2,egld,MultiversX,22.31,624211655,127,20492979,23.64,22.07,-1.33,-5.61,2025-02-24T10:20:42.821Z
2025-02-24 18:21:42,usdx-money-usdx,usdx,usdx.money USDX,1.00,623848151,126,257012,1.00,1.00,-0.00,-0.05,2025-02-24T10:20:08.677Z
2025-02-24 18:21:42,axie-infinity,axs,Axie Infinity,3.90,621956507,128,43093093,4.24,3.89,-0.34,-7.94,2025-02-24T10:20:50.501Z
2025-02-24 18:21:42,curve-dao-token,crv,Curve DAO,0.48,621278573,129,106939374,0.52,0.48,-0.04,-7.93,2025-02-24T10:20:50.704Z
2025-02-24 18:21:42,pax-gold,paxg,PAX Gold,2961.63,615092807,130,24174395,2969.99,2952.82,-3.55,-0.12,2025-02-24T10:20:51.992Z
2025-02-24 18:21:42,dogwifcoin,wif,dogwifhat,0.61,614999723,131,272334851,0.67,0.61,-0.06,-8.80,2025-02-24T10:20:51.795Z
2025-02-24 18:21:42,l2-standard-bridged-weth-base,weth,L2 Standard Bridged WETH (Base),2681.35,609913764,132,831466745,2832.08,2681.80,-129.47,-4.61,2025-02-24T10:20:50.407Z
2025-02-24 18:21:42,chain-2,xcn,Onyxcoin,0.02,592979992,133,109401454,0.02,0.02,-0.00,-3.48,2025-02-24T10:20:49.196Z
2025-02-24 18:21:42,binance-peg-dogecoin,doge,Binance-Peg Dogecoin,0.23,589275809,134,2362350,0.25,0.23,-0.02,-6.62,2025-02-24T10:20:51.355Z
2025-02-24 18:21:42,conflux-token,cfx,Conflux,0.12,588790822,135,35218689,0.12,0.12,-0.00,-2.55,2025-02-24T10:20:50.611Z
2025-02-24 18:21:42,aerodrome-finance,aero,Aerodrome Finance,0.75,587326055,136,15840287,0.81,0.75,-0.06,-7.63,2025-02-24T10:20:52.034Z
2025-02-24 18:21:42,arweave,ar,Arweave,8.83,578257899,137,39787098,9.45,8.81,-0.61,-6.49,2025-02-24T10:20:49.180Z
2025-02-24 18:21:42,insurance-2,insurance,INSURANCE,30.31,566809310,140,20254,31.19,30.06,-0.74,-2.38,2025-02-24T10:20:47.822Z
2025-02-24 18:21:42,starknet,strk,Starknet,0.22,565971923,139,29297229,0.23,0.22,-0.01,-6.21,2025-02-24T10:20:31.626Z
2025-02-24 18:21:42,arbitrum-bridged-weth-arbitrum-one,weth,Arbitrum Bridged WETH (Arbitrum One),2678.47,565937954,138,538664100,2839.21,2681.93,-130.61,-4.65,2025-02-24T10:20:49.726Z
2025-02-24 18:21:42,pumpbtc,pumpbtc,pumpBTC,94077.00,563962203,141,7108,95291.00,93027.00,-468.24,-0.50,2025-02-24T10:20:44.527Z
2025-02-24 18:21:42,decentraland,mana,Decentraland,0.30,562581681,142,50416044,0.32,0.30,-0.02,-5.22,2025-02-24T10:20:51.116Z
2025-02-24 18:21:42,resolv-usr,usr,Resolv USR,1.00,558795030,143,7102742,1.00,1.00,-0.00,-0.06,2025-02-24T10:20:40.503Z
2025-02-24 18:21:42,dydx-chain,dydx,dYdX,0.75,548934971,144,22222469,0.80,0.74,-0.05,-6.71,2025-02-24T10:20:51.804Z
2025-02-24 18:21:42,ether-fi-staked-eth,eeth,ether.fi Staked ETH,2678.05,541346552,145,33566,2831.45,2682.31,-127.75,-4.55,2025-02-24T10:20:48.109Z
2025-02-24 18:21:42,apecoin,ape,ApeCoin,0.67,536101757,146,66758440,0.73,0.67,-0.05,-7.38,2025-02-24T10:20:49.165Z
2025-02-24 18:21:42,zcash,zec,Zcash,33.56,534297768,147,28710716,37.90,33.55,-3.87,-10.33,2025-02-24T10:20:49.720Z
2025-02-24 18:21:42,pudgy-penguins,pengu,Pudgy Penguins,0.01,527934713,148,97737291,0.01,0.01,-0.00,-3.97,2025-02-24T10:20:32.141Z
2025-02-24 18:21:42,pendle,pendle,Pendle,3.20,526321279,149,48924154,3.53,3.19,-0.31,-8.87,2025-02-24T10:20:49.961Z
2025-02-24 18:21:42,frax,frax,Frax,1.00,524617751,150,35445061,1.00,0.99,-0.00,-0.07,2025-02-24T10:20:49.898Z
2025-02-24 18:21:42,beldex,bdx,Beldex,0.07,512110499,151,3270262,0.07,0.07,0.00,0.02,2025-02-24T10:20:50.419Z
2025-02-24 18:21:42,matic-network,matic,Polygon,0.28,505890173,152,3157407,0.30,0.28,-0.01,-4.80,2025-02-24T10:20:51.067Z
2025-02-24 18:21:42,honey-3,honey,Honey,1.00,499812296,154,29870764,1.00,1.00,-0.00,-0.24,2025-02-24T10:20:51.897Z
2025-02-24 18:21:42,thorchain,rune,THORChain,1.42,499313487,153,790603047,1.47,1.31,0.09,6.71,2025-02-24T10:20:47.352Z
2025-02-24 18:21:42,ecash,xec,eCash,0.00,498662685,155,11101312,0.00,0.00,-0.00,-6.13,2025-02-24T10:20:42.446Z
2025-02-24 18:21:42,coredaoorg,core,Core,0.50,495488260,156,30107626,0.52,0.49,-0.02,-4.63,2025-02-24T10:20:50.357Z
2025-02-24 18:21:42,true-usd,tusd,TrueUSD,1.00,494553739,157,30805517,1.00,1.00,-0.00,-0.05,2025-02-24T10:20:48.557Z
2025-02-24 18:21:42,aioz-network,aioz,AIOZ Network,0.42,482164178,158,7341700,0.45,0.42,-0.03,-6.28,2025-02-24T10:20:42.884Z
2025-02-24 18:21:42,chiliz,chz,Chiliz,0.05,477695961,159,65576556,0.05,0.05,-0.00,-3.47,2025-02-24T10:20:49.278Z
2025-02-24 18:21:42,clbtc,clbtc,clBTC,95064.00,475657971,160,27,96929.00,94419.00,-1539.51,-1.59,2025-02-24T10:20:49.226Z
2025-02-24 18:21:42,compound-governance-token,comp,Compound,53.50,475361039,161,58572905,56.79,52.77,-2.73,-4.85,2025-02-24T10:20:49.678Z
2025-02-24 18:21:42,bitcoin-avalanche-bridged-btc-b,btc.b,Avalanche Bridged BTC (Avalanche),95617.00,474624805,162,9728386,96548.00,94957.00,-568.11,-0.59,2025-02-24T10:20:51.811Z
2025-02-24 18:21:42,beam-2,beam,Beam,0.01,471445374,163,24575269,0.01,0.01,-0.00,-7.23,2025-02-24T10:20:50.514Z
2025-02-24 18:21:42,newton-project,ab,AB (prev. Newton),0.01,463800697,164,21270528,0.01,0.01,-0.00,-2.76,2025-02-24T10:20:45.133Z
2025-02-24 18:21:42,morpho,morpho,Morpho,2.04,460011207,165,14607979,2.22,2.02,-0.18,-8.14,2025-02-24T10:20:43.394Z
2025-02-24 18:21:42,kava,kava,Kava,0.42,459329277,166,7545989,0.44,0.42,-0.02,-4.44,2025-02-24T10:20:48.415Z
2025-02-24 18:21:42,verus-coin,vrsc,Verus,5.81,455769619,168,19125,5.91,5.79,-0.05,-0.78,2025-02-24T10:20:08.840Z
2025-02-24 18:21:42,grass,grass,Grass,1.87,455428063,167,20591416,2.19,1.84,-0.31,-14.25,2025-02-24T10:20:50.625Z
2025-02-24 18:21:42,reserve-rights-token,rsr,Reserve Rights,0.01,454798948,169,25947294,0.01,0.01,-0.00,-7.12,2025-02-24T10:20:35.394Z
2025-02-24 18:21:42,apenft,nft,APENFT,0.00,451126429,170,31762994,0.00,0.00,0.00,1.02,2025-02-24T10:20:49.269Z
2025-02-24 18:21:42,based-brett,brett,Brett,0.05,447747690,171,31423931,0.05,0.04,-0.00,-8.29,2025-02-24T10:20:50.333Z
2025-02-24 18:21:42,bridged-usdc-polygon-pos-bridge,usdc.e,Bridged USDC (Polygon PoS Bridge),1.00,445087507,172,18852638,1.00,1.00,-0.00,-0.02,2025-02-24T10:20:48.454Z
2025-02-24 18:21:42,gnosis,gno,Gnosis,171.58,444314733,173,8965453,180.08,170.85,-8.50,-4.72,2025-02-24T10:20:50.669Z
2025-02-24 18:21:42,ousg,ousg,OUSG,110.05,444166114,174,0,110.05,110.05,0.00,0.00,2025-02-24T10:20:01.430Z
2025-02-24 18:21:42,tbtc,tbtc,tBTC,95368.00,440031667,175,11355972,96517.00,94733.00,-636.26,-0.66,2025-02-24T10:20:14.867Z
2025-02-24 18:21:42,quantixai,qai,QuantixAI,83.87,436410296,176,553551,84.59,83.38,-0.43,-0.51,2025-02-24T10:20:13.130Z
2025-02-24 18:21:42,axelar,axl,Axelar,0.47,436156896,177,17444716,0.51,0.47,-0.02,-4.61,2025-02-24T10:20:49.321Z
2025-02-24 18:21:42,wormhole,w,Wormhole,0.15,433529816,178,32955048,0.17,0.15,-0.02,-9.69,2025-02-24T10:20:26.191Z
2025-02-24 18:21:42,akash-network,akt,Akash Network,1.75,432453086,179,5769549,1.87,1.74,-0.12,-6.33,2025-02-24T10:20:46.716Z
2025-02-24 18:21:42,stakestone-berachain-vault-token,berastone,StakeStone Berachain Vault Token,2639.97,428890123,180,3688976,2798.80,2648.38,-138.21,-4.97,2025-02-24T10:20:41.824Z
2025-02-24 18:21:42,amp-token,amp,Amp,0.01,428166267,181,17077930,0.01,0.01,-0.00,-4.42,2025-02-24T10:20:48.957Z
2025-02-24 18:21:42,trust-wallet-token,twt,Trust Wallet,1.02,427078724,182,13616634,1.05,1.02,-0.01,-1.27,2025-02-24T10:20:49.888Z
2025-02-24 18:21:42,meow,meow,MEOW,0.00,421275086,183,5768323,0.01,0.00,-0.00,-18.99,2025-02-24T10:20:51.112Z
2025-02-24 18:21:42,mina-protocol,mina,Mina Protocol,0.34,416437671,184,19246059,0.37,0.34,-0.02,-6.53,2025-02-24T10:20:51.714Z
2025-02-24 18:21:42,eigenlayer,eigen,Eigenlayer,1.68,411195017,185,119654600,2.01,1.68,-0.30,-15.22,2025-02-24T10:20:42.693Z
2025-02-24 18:21:42,coinbase-wrapped-staked-eth,cbeth,Coinbase Wrapped Staked ETH,2932.60,408259061,186,3114477,3091.51,2930.05,-133.73,-4.36,2025-02-24T10:20:49.330Z
2025-02-24 18:21:42,usdb,usdb,USDB,1.00,405912317,187,7681985,1.01,0.98,0.00,0.47,2025-02-24T10:20:18.721Z
2025-02-24 18:21:42,hashnote-usyc,usyc,Hashnote USYC,1.08,404933577,188,5392,%!f(<nil>),%!f(<nil>),%!f(<nil>),%!f(<nil>),2025-02-22T21:04:15.750Z
2025-02-24 18:21:42,kaito,kaito,KAITO,1.68,403210937,189,662751044,1.73,1.46,0.13,8.60,2025-02-24T10:20:48.458Z
2025-02-24 18:21:42,blackrock-usd-institutional-digital-liquidity-fund,buidl,BlackRock USD Institutional Digital Liquidity Fund,1.00,399356401,190,0,1.00,1.00,0.00,0.00,2025-02-24T10:20:05.355Z
2025-02-24 18:21:42,deep,deep,DeepBook,0.15,385686530,191,15750349,0.17,0.15,-0.01,-5.73,2025-02-24T10:20:51.052Z
2025-02-24 18:21:42,polygon-pos-bridged-weth-polygon-pos,weth,Polygon PoS Bridged WETH (Polygon POS),2687.24,383195596,192,22410819,2835.12,2683.70,-123.41,-4.39,2025-02-24T10:20:52.388Z
2025-02-24 18:21:42,ondo-us-dollar-yield,usdy,Ondo US Dollar Yield,1.08,379220501,193,6723122,1.09,1.07,0.00,0.01,2025-02-24T10:20:46.464Z
2025-02-24 18:21:42,terra-luna,lunc,Terra Luna Classic,0.00,378654931,194,13998501,0.00,0.00,-0.00,-6.73,2025-02-24T10:20:13.968Z
2025-02-24 18:21:42,zksync,zk,ZKsync,0.10,374387795,195,46479640,0.11,0.10,-0.01,-5.04,2025-02-24T10:20:31.898Z
2025-02-24 18:21:42,ket,ket,Ket,0.37,373070974,196,11994335,0.42,0.33,-0.05,-12.63,2025-02-24T10:20:48.279Z
2025-02-24 18:21:42,chex-token,chex,CHEX Token,0.37,372801030,197,2164575,0.42,0.37,-0.04,-10.04,2025-02-24T10:20:49.103Z
2025-02-24 18:21:42,theta-fuel,tfuel,Theta Fuel,0.05,368383898,198,27598371,0.06,0.05,0.00,8.67,2025-02-24T10:20:08.642Z
2025-02-24 18:21:42,stader-ethx,ethx,Stader ETHx,2822.62,368017341,199,293606,2979.77,2828.40,-134.06,-4.53,2025-02-24T10:20:44.147Z
2025-02-24 18:21:42,1inch,1inch,1inch,0.26,366652746,201,23898206,0.27,0.26,-0.01,-2.78,2025-02-24T10:20:51.397Z
2025-02-24 18:21:42,super-oeth,superoethb,Super OETH,2687.07,366266293,200,755119,2835.61,2686.32,-120.73,-4.30,2025-02-24T10:20:26.874Z
2025-02-24 18:21:42,ai16z,ai16z,ai16z,0.33,358564737,202,90879512,0.38,0.32,-0.05,-14.13,2025-02-24T10:20:42.688Z
2025-02-24 18:21:42,frax-ether,frxeth,Frax Ether,2679.60,355522321,203,1244313,2821.99,2682.19,-123.59,-4.41,2025-02-24T10:20:49.977Z
2025-02-24 18:21:42,olympus,ohm,Olympus,21.64,355422466,204,1177551,22.36,21.36,-0.52,-2.33,2025-02-24T10:20:46.935Z
2025-02-24 18:21:42,sweth,sweth,Swell Ethereum,2901.24,352802255,205,288151,3069.40,2906.03,-144.65,-4.75,2025-02-24T10:20:10.379Z
2025-02-24 18:21:42,stakewise-v3-oseth,oseth,StakeWise Staked ETH,2798.33,352235347,206,5237,2941.67,2799.73,-123.64,-4.23,2025-02-24T10:20:06.859Z
2025-02-24 18:21:42,just,jst,JUST,0.03,338229418,207,34454267,0.03,0.03,0.00,0.27,2025-02-24T10:20:48.708Z
2025-02-24 18:21:42,golem,glm,Golem,0.34,335672167,208,139987625,0.43,0.33,-0.06,-15.71,2025-02-24T10:20:50.343Z
2025-02-24 18:21:42,ether-fi-staked-btc,ebtc,Ether.fi Staked BTC,95318.00,332159106,209,1226809,96658.00,94441.00,-704.29,-0.73,2025-02-24T10:20:50.620Z
2025-02-24 18:21:42,binance-peg-busd,busd,Binance-Peg BUSD,1.02,329372564,212,7601941,1.02,1.01,-0.00,-0.24,2025-02-24T10:20:52.663Z
2025-02-24 18:21:42,ai-companions,aic,AI Companions,0.33,329311776,210,7662372,0.35,0.33,-0.01,-2.51,2025-02-24T10:20:42.631Z
2025-02-24 18:21:42,havven,snx,Synthetix Network,0.97,328815263,211,36063907,1.02,0.94,-0.05,-4.85,2025-02-24T10:20:51.958Z
2025-02-24 18:21:42,dydx,ethdydx,dYdX,0.74,327727801,213,16583429,0.80,0.74,-0.06,-6.96,2025-02-24T10:20:51.848Z
2025-02-24 18:21:42,mx-token,mx,MX,3.34,317755144,214,35808065,3.42,3.33,-0.06,-1.83,2025-02-24T10:20:44.085Z
2025-02-24 18:21:42,safepal,sfp,SafePal,0.63,315751434,215,8802435,0.66,0.63,-0.03,-4.45,2025-02-24T10:20:38.046Z
2025-02-24 18:21:42,blur,blur,Blur,0.14,315077189,216,22942063,0.15,0.14,-0.01,-3.45,2025-02-24T10:20:42.668Z
2025-02-24 18:21:42,compound-wrapped-btc,cwbtc,cWBTC,1921.49,312846509,217,0,1936.88,1910.58,-11.23,-0.58,2025-02-24T10:20:12.770Z
2025-02-24 18:21:42,creditcoin-2,ctc,Creditcoin,0.72,311282110,219,6209728,0.76,0.72,-0.04,-4.73,2025-02-24T10:20:51.650Z
2025-02-24 18:21:42,dash,dash,Dash,25.59,311271563,220,31320900,27.44,25.59,-1.85,-6.74,2025-02-24T10:20:50.888Z
2025-02-24 18:21:42,kusama,ksm,Kusama,19.22,311093494,221,10593722,20.46,19.20,-1.23,-6.02,2025-02-24T10:20:49.135Z
2025-02-24 18:21:42,snek,snek,Snek,0.00,310902589,222,1278054,0.00,0.00,-0.00,-6.76,2025-02-24T10:20:05.703Z
2025-02-24 18:21:42,astar,astr,Astar,0.04,310279717,223,23439238,0.04,0.04,-0.00,-7.52,2025-02-24T10:20:49.215Z
2025-02-24 18:21:42,fartcoin,fartcoin,Fartcoin,0.31,309857459,218,57089664,0.34,0.30,-0.03,-9.83,2025-02-24T10:20:49.228Z
2025-02-24 18:21:42,polygon-bridged-wbtc-polygon-pos,wbtc,Polygon Bridged WBTC (Polygon POS),95608.00,309461979,224,8921382,96443.00,95031.00,-563.79,-0.59,2025-02-24T10:20:37.820Z
2025-02-24 18:21:42,layerzero,zro,LayerZero,2.77,308352047,225,35245620,3.00,2.77,-0.22,-7.29,2025-02-24T10:20:49.355Z
2025-02-24 18:21:42,qtum,qtum,Qtum,2.87,303268484,226,21588880,3.03,2.84,-0.16,-5.12,2025-02-24T10:20:25.470Z
2025-02-24 18:21:42,superfarm,super,SuperVerse,0.66,300407359,227,11369571,0.71,0.66,-0.05,-6.68,2025-02-24T10:20:37.695Z
2025-02-24 18:21:42,mantle-bridged-usdt-mantle,usdt,Mantle Bridged USDT (Mantle),1.00,298601657,228,3827120,1.00,0.99,-0.01,-0.54,2025-02-24T10:20:50.550Z
2025-02-24 18:21:42,notcoin,not,Notcoin,0.00,297269085,229,66666596,0.00,0.00,-0.00,-3.69,2025-02-24T10:20:45.360Z
2025-02-24 18:21:42,wemix-token,wemix,WEMIX,0.71,296482168,230,2456494,0.75,0.71,-0.03,-3.55,2025-02-24T10:20:49.682Z
2025-02-24 18:21:42,liquid-staked-ethereum,lseth,Liquid Staked ETH,2889.79,293216342,231,60774,3057.76,2886.33,-136.29,-4.50,2025-02-24T10:20:49.766Z
2025-02-24 18:21:42,mog-coin,mog,Mog Coin,0.00,290283383,232,10480345,0.00,0.00,-0.00,-7.13,2025-02-24T10:20:42.872Z
2025-02-24 18:21:42,nervos-network,ckb,Nervos Network,0.01,287948860,233,12212221,0.01,0.01,-0.00,-8.22,2025-02-24T10:20:49.933Z
2025-02-24 18:21:42,safe,safe,Safe,0.52,282144465,234,13668815,0.56,0.52,-0.04,-6.77,2025-02-24T10:20:45.107Z
2025-02-24 18:21:42,staked-frax-ether,sfrxeth,Staked Frax Ether,2986.96,279480083,235,234863,3161.43,2995.38,-141.56,-4.52,2025-02-24T10:20:09.326Z
2025-02-24 18:21:42,instadapp,fluid,Fluid,7.06,278615169,237,1356910,7.58,7.06,-0.47,-6.18,2025-02-24T10:20:47.886Z
2025-02-24 18:21:42,echelon-prime,prime,Echelon Prime,5.10,278432331,236,6496279,5.57,5.00,-0.47,-8.50,2025-02-24T10:20:42.433Z
2025-02-24 18:21:42,plume,plume,Plume,0.14,276119669,238,29036510,0.15,0.14,-0.01,-6.83,2025-02-24T10:20:50.905Z
2025-02-24 18:21:42,vethor-token,vtho,VeThor,0.00,274861261,240,17117931,0.00,0.00,-0.00,-6.57,2025-02-24T10:20:47.250Z
2025-02-24 18:21:42,zilliqa,zil,Zilliqa,0.01,274083147,239,14904316,0.01,0.01,-0.00,-6.07,2025-02-24T10:20:33.424Z
2025-02-24 18:21:42,the-grays-currency,ptgc,The Grays Currency,0.00,273959159,241,173202,0.00,0.00,-0.00,-7.47,2025-02-24T10:20:12.948Z
2025-02-24 18:21:42,cgeth-hashkey-cloud,cgeth.hashkey,cgETH Hashkey Cloud,2726.13,273403329,242,34,2849.19,2722.26,-103.49,-3.66,2025-02-24T10:20:49.514Z
2025-02-24 18:21:42,elixir-deusd,deusd,Elixir deUSD,1.00,273022083,243,1444119,1.00,1.00,-0.00,-0.11,2025-02-24T10:20:42.838Z
2025-02-24 18:21:42,oasis-network,rose,Oasis,0.04,271139088,244,13887949,0.04,0.04,-0.00,-6.60,2025-02-24T10:20:46.244Z
2025-02-24 18:21:42,livepeer,lpt,Livepeer,6.97,267302638,245,20180744,7.48,6.93,-0.50,-6.72,2025-02-24T10:20:50.110Z
2025-02-24 18:21:42,holotoken,hot,Holo,0.00,266366673,246,11902314,0.00,0.00,-0.00,-5.14,2025-02-24T10:20:52.356Z
2025-02-24 18:21:42,btse-token,btse,BTSE Token,1.62,263389049,247,3403213,1.66,1.51,0.11,7.29,2025-02-24T10:20:50.596Z
2025-02-24 18:21:42,0x,zrx,0x Protocol,0.31,262446911,248,29524786,0.33,0.31,-0.02,-7.17,2025-02-24T10:20:51.841Z
2025-02-24 18:21:42,arkham,arkm,Arkham,0.70,261063324,250,145674234,0.75,0.69,-0.01,-0.73,2025-02-24T10:20:49.157Z
2025-02-24 18:21:42,basic-attention-token,bat,Basic Attention,0.17,261007719,249,16034623,0.19,0.17,-0.01,-5.80,2025-02-24T10:20:50.555Z
2025-02-24 18:21:42,toshi,toshi,Toshi,0.00,261000897,251,18619583,0.00,0.00,-0.00,-10.13,2025-02-24T10:20:12.987Z
2025-02-24 18:21:42,baby-doge-coin,babydoge,Baby Doge Coin,0.00,258940217,252,15334795,0.00,0.00,-0.00,-6.53,2025-02-24T10:20:50.254Z
2025-02-24 18:21:42,sats-ordinals,sats,SATS (Ordinals),0.00,257718163,253,11547722,0.00,0.00,-0.00,-3.19,2025-02-24T10:20:04.439Z
2025-02-24 18:21:42,dog-go-to-the-moon-rune,dog,Dog (Bitcoin),0.00,255557650,254,5019077,0.00,0.00,-0.00,-7.39,2025-02-24T10:20:51.707Z
2025-02-24 18:21:42,freysa-ai,fai,Freysa AI,0.03,255409769,255,1892471,0.04,0.03,-0.01,-26.06,2025-02-24T10:20:49.217Z
2025-02-24 18:21:42,mocaverse,moca,Moca Network,0.13,252947319,256,21980306,0.15,0.13,-0.02,-11.18,2025-02-24T10:20:53.506Z
2025-02-24 18:21:42,lcx,lcx,LCX,0.27,252817760,257,5078286,0.28,0.22,0.04,16.57,2025-02-24T10:20:49.750Z
2025-02-24 18:21:42,ether-fi,ethfi,Ether.fi,1.08,251595619,258,73278469,1.18,1.08,-0.09,-8.02,2025-02-24T10:20:48.526Z
2025-02-24 18:21:42,ordinals,ordi,ORDI,11.91,251159366,259,131106390,13.80,11.90,-1.59,-11.79,2025-02-24T10:20:46.918Z
2025-02-24 18:21:42,gas,gas,Gas,3.83,248041259,260,5111484,4.00,3.79,-0.16,-3.98,2025-02-24T10:20:49.762Z
2025-02-24 18:21:42,quorium,qgold,Quorium,2943.42,247430029,261,165085,2954.37,2922.32,16.65,0.57,2025-02-24T10:20:53.143Z
2025-02-24 18:21:42,osmosis,osmo,Osmosis,0.34,244315889,262,27079483,0.38,0.34,-0.00,-0.25,2025-02-24T10:20:48.531Z
2025-02-24 18:21:42,tribe-2,tribe,Tribe,0.52,238467494,263,65289,0.54,0.52,-0.00,-0.42,2025-02-24T10:20:34.807Z
2025-02-24 18:21:42,turbo,turbo,Turbo,0.00,236280066,264,48557350,0.00,0.00,-0.00,-9.17,2025-02-24T10:20:45.328Z
2025-02-24 18:21:42,aethir,ath,Aethir,0.04,235533778,265,15723495,0.04,0.03,-0.00,-8.59,2025-02-24T10:20:52.646Z
2025-02-24 18:21:42,cat-in-a-dogs-world,mew,cat in a dogs world,0.00,235161086,266,19824159,0.00,0.00,-0.00,-9.27,2025-02-24T10:20:48.097Z
2025-02-24 18:21:42,bridged-wrapped-ether-starkgate,eth,Bridged Ether (StarkGate),2688.14,234545633,267,2130776,2831.41,2683.96,-119.06,-4.24,2025-02-24T10:20:48.034Z
2025-02-24 18:21:42,swissborg,borg,SwissBorg,0.24,232982024,268,1151785,0.25,0.24,-0.01,-4.91,2025-02-24T10:20:31.163Z
2025-02-24 18:21:42,gigachad-2,giga,Gigachad,0.02,231968902,270,5719033,0.03,0.02,-0.00,-9.01,2025-02-24T10:20:50.180Z
2025-02-24 18:21:42,origintrail,trac,OriginTrail,0.46,231841452,269,1257743,0.49,0.46,-0.03,-5.65,2025-02-24T10:20:48.211Z
2025-02-24 18:21:42,celo,celo,Celo,0.40,228772350,271,29677249,0.44,0.40,-0.03,-7.50,2025-02-24T10:20:48.607Z
2025-02-24 18:21:42,goplus-security,gps,GoPlus Security,0.13,227849125,272,12376344,0.13,0.12,-0.00,-2.52,2025-02-24T10:20:50.271Z
2025-02-24 18:21:42,usda-2,usda,USDa,1.00,227614906,273,1042291,1.00,0.99,-0.00,-0.08,2025-02-24T10:20:25.612Z
2025-02-24 18:21:42,ai-rig-complex,arc,AI Rig Complex,0.23,226691283,274,47725435,0.25,0.22,-0.02,-6.39,2025-02-24T10:20:42.974Z
2025-02-24 18:21:42,woo-network,woo,WOO,0.12,225136082,275,14516747,0.13,0.12,-0.01,-7.72,2025-02-24T10:20:09.570Z
2025-02-24 18:21:42,siacoin,sc,Siacoin,0.00,224210873,276,12193499,0.00,0.00,-0.00,-3.46,2025-02-24T10:20:45.458Z
2025-02-24 18:21:42,uxlink,uxlink,UXLINK,0.66,223949409,278,697089419,0.71,0.64,-0.01,-1.42,2025-02-24T10:20:55.138Z
2025-02-24 18:21:42,treehouse-eth,teth,Treehouse ETH,3203.64,223810083,277,840207,3384.41,3203.54,-149.97,-4.47,2025-02-24T10:20:12.252Z
2025-02-24 18:21:42,agentfun-ai,agentfun,AgentFun.AI,2.23,223321313,279,4520,2.40,2.20,-0.01,-0.32,2025-02-24T10:20:55.969Z
2025-02-24 18:21:42,ankr,ankr,Ankr Network,0.02,222863963,280,13147577,0.02,0.02,-0.00,-5.71,2025-02-24T10:20:48.754Z
2025-02-24 18:21:42,resolv-wstusr,wstusr,Resolv wstUSR,1.11,222327886,281,1,%!f(<nil>),%!f(<nil>),%!f(<nil>),%!f(<nil>),2025-02-23T05:36:37.317Z
2025-02-24 18:21:42,decred,dcr,Decred,13.29,221147624,282,2065731,14.03,13.10,-0.71,-5.08,2025-02-24T10:20:50.737Z
2025-02-24 18:21:42,popcat,popcat,Popcat,0.22,220904721,283,41034233,0.25,0.22,-0.03,-11.57,2025-02-24T10:20:52.420Z
2025-02-24 18:21:42,convex-finance,cvx,Convex Finance,2.66,218847120,284,17175729,2.84,2.65,-0.18,-6.35,2025-02-24T10:20:50.973Z
2025-02-24 18:21:42,mask-network,mask,Mask Network,2.18,218269328,285,25537895,2.21,2.17,-0.03,-1.35,2025-02-24T10:20:50.885Z
2025-02-24 18:21:42,benqi-liquid-staked-avax,savax,BENQI Liquid Staked AVAX,28.20,215811983,286,642341,30.30,28.22,-2.06,-6.80,2025-02-24T10:20:50.577Z
2025-02-24 18:21:42,ravencoin,rvn,Ravencoin,0.01,212322616,287,6179752,0.01,0.01,-0.00,-4.51,2025-02-24T10:20:53.586Z
2025-02-24 18:21:42,zetachain,zeta,ZetaChain,0.31,211933483,288,29322443,0.34,0.31,-0.03,-9.64,2025-02-24T10:20:23.448Z
2025-02-24 18:21:42,aelf,elf,aelf,0.29,211641096,289,13953800,0.31,0.29,-0.01,-4.57,2025-02-24T10:20:52.049Z
2025-02-24 18:21:42,stp-network,stpt,STP,0.11,210296458,290,53425907,0.12,0.10,0.00,0.00,2025-02-24T10:20:24.138Z
2025-02-24 18:21:42,threshold-network-token,t,Threshold Network,0.02,209464211,291,9181257,0.02,0.02,-0.00,-5.12,2025-02-24T10:20:45.658Z
2025-02-24 18:21:42,enjincoin,enj,Enjin Coin,0.12,208850280,292,17436234,0.12,0.12,-0.01,-6.30,2025-02-24T10:20:47.977Z
2025-02-24 18:21:42,xyo-network,xyo,XYO Network,0.01,208072163,293,2135652,0.02,0.01,-0.00,-3.11,2025-02-24T10:20:40.748Z
2025-02-24 18:21:42,zencash,zen,Horizen,13.08,207716142,294,20979994,13.60,12.72,-0.38,-2.85,2025-02-24T10:20:09.146Z
2025-02-24 18:21:42,gho,gho,GHO,1.00,205610355,296,10145146,1.00,1.00,-0.00,-0.07,2025-02-24T10:20:50.270Z
2025-02-24 18:21:42,abtc,abtc,aBTC,94851.00,205555406,295,384510,96715.00,92072.00,-1520.35,-1.58,2025-02-24T10:20:51.362Z
2025-02-24 18:21:42,wrapped-beacon-eth,wbeth,Wrapped Beacon ETH,2852.29,202515528,297,10873004,3006.98,2849.15,-130.12,-4.36,2025-02-24T10:20:24.858Z
2025-02-24 18:21:42,ethereum-pow-iou,ethw,EthereumPoW,1.88,202151521,298,6640756,1.92,1.79,-0.05,-2.45,2025-02-24T10:20:48.025Z
2025-02-24 18:21:42,wrapped-ether-mantle-bridge,weth,Wrapped Ether (Mantle Bridge),2682.07,201119386,299,13943132,2834.82,2679.85,-129.87,-4.62,2025-02-24T10:20:09.182Z
2025-02-24 18:21:42,yearn-finance,yfi,yearn.finance,5893.63,199078553,300,28890173,6111.69,5738.35,-172.26,-2.84,2025-02-24T10:20:09.285Z
2025-02-24 18:21:42,skale,skl,SKALE,0.03,197117855,301,25719707,0.04,0.03,-0.00,-8.24,2025-02-24T10:20:25.922Z
2025-02-24 18:21:42,polymesh,polyx,Polymesh,0.17,195364938,302,3749394,0.18,0.17,-0.01,-6.67,2025-02-24T10:20:52.110Z
2025-02-24 18:21:42,metaplex,mplx,Metaplex,0.26,195026095,303,2197248,0.27,0.26,-0.02,-6.04,2025-02-24T10:20:50.880Z
2025-02-24 18:21:42,rollbit-coin,rlb,Rollbit Coin,0.09,194691546,304,826079,0.09,0.09,-0.00,-3.92,2025-02-24T10:20:55.272Z
2025-02-24 18:21:42,usdd,usdd,USDD,1.00,194625292,305,22541400,1.00,1.00,-0.00,-0.01,2025-02-24T10:20:09.591Z
2025-02-24 18:21:42,nem,xem,NEM,0.02,192483624,306,20958994,0.02,0.02,-0.00,-5.57,2025-02-24T10:20:44.823Z
2025-02-24 18:21:42,gmx,gmx,GMX,19.01,190203000,307,12856805,19.98,19.00,-0.97,-4.83,2025-02-24T10:20:50.388Z
2025-02-24 18:21:42,vana,vana,Vana,6.16,188790220,308,20880208,6.49,6.04,-0.29,-4.54,2025-02-24T10:20:08.882Z
2025-02-24 18:21:42,gmt-token,gomining,GoMining Token,0.46,187475004,309,13187924,0.46,0.45,-0.01,-1.90,2025-02-24T10:20:50.240Z
2025-02-24 18:21:42,drift-protocol,drift,Drift Protocol,0.65,187290081,310,26010176,0.70,0.64,-0.05,-6.82,2025-02-24T10:20:51.931Z
2025-02-24 18:21:42,bio-protocol,bio,Bio Protocol,0.12,186784542,311,36682662,0.14,0.11,-0.02,-15.20,2025-02-24T10:20:51.813Z
2025-02-24 18:21:42,harmony,one,Harmony,0.02,185377220,312,13164004,0.02,0.02,-0.00,-10.17,2025-02-24T10:20:51.006Z
2025-02-24 18:21:42,wrapped-avax,wavax,Wrapped AVAX,23.68,185359297,313,52256037,25.43,23.63,-1.70,-6.69,2025-02-24T10:20:10.264Z
2025-02-24 18:21:42,io,io,io.net,1.31,185344802,314,39064213,1.42,1.32,-0.08,-5.76,2025-02-24T10:20:48.102Z
2025-02-24 18:21:42,chia,xch,Chia,12.99,185316650,315,12737971,13.99,12.98,-0.63,-4.65,2025-02-24T10:20:48.978Z
2025-02-24 18:21:42,project-galaxy,gal,Galxe,1.45,185271070,316,622240,1.60,1.34,0.09,6.86,2025-02-24T10:20:52.911Z
2025-02-24 18:21:42,sun-token,sun,Sun Token,0.02,184780781,317,47135689,0.02,0.02,-0.00,-1.10,2025-02-24T10:20:34.840Z
2025-02-24 18:21:42,apf-coin,apfc,APF coin,1.08,184339986,318,2006785,1.09,1.08,0.00,0.03,2025-02-24T10:20:49.129Z
2025-02-24 18:21:42,magic-eden,me,Magic Eden,1.41,184179938,319,23196922,1.48,1.38,-0.07,-4.82,2025-02-24T10:20:50.443Z
2025-02-24 18:21:42,melania-meme,melania,Melania Meme,1.22,183010258,320,35055984,1.26,1.22,-0.04,-3.04,2025-02-24T10:20:51.018Z
2025-02-24 18:21:42,avail,avail,Avail,0.09,179883554,321,22925322,0.13,0.09,-0.04,-28.80,2025-02-24T10:20:49.180Z
2025-02-24 18:21:42,car-2,car,Car,6.03,178090903,322,234887,6.19,5.97,-0.13,-2.16,2025-02-24T10:20:48.186Z
2025-02-24 18:21:42,nxm,nxm,Nexus Mutual,58.88,177986845,323,0,62.01,58.68,-2.67,-4.34,2025-02-24T10:20:01.807Z
2025-02-24 18:21:42,stepn,gmt,GMT,0.07,177153822,324,54952841,0.07,0.07,-0.00,-6.39,2025-02-24T10:20:35.114Z
2025-02-24 18:21:42,cheems-token,cheems,Cheems Token,0.00,176849502,325,9077784,0.00,0.00,-0.00,-8.95,2025-02-24T10:20:48.927Z
2025-02-24 18:21:42,ipmb,gpro,GoldPro,38.11,176518164,326,213267,41.88,37.70,-3.47,-8.34,2025-02-24T10:20:47.906Z
2025-02-24 18:21:42,act-i-the-ai-prophecy,act,Act I The AI Prophecy,0.18,174635489,327,50885563,0.19,0.18,-0.01,-4.21,2025-02-24T10:20:52.339Z
2025-02-24 18:21:42,iotex,iotx,IoTeX,0.02,173519482,328,9818914,0.02,0.02,-0.00,-6.13,2025-02-24T10:20:48.078Z
2025-02-24 18:21:42,bazaars,bzr,Bazaars,15.03,173273066,329,547213,17.42,15.03,-2.39,-13.73,2025-02-24T10:20:50.136Z
2025-02-24 18:21:42,constellation-labs,dag,Constellation,0.05,172773353,330,1960871,0.05,0.05,-0.00,-2.95,2025-02-24T10:20:49.693Z
2025-02-24 18:21:42,aixbt,aixbt,aixbt by Virtuals,0.20,170918614,331,113175381,0.22,0.20,-0.01,-5.33,2025-02-24T10:20:44.462Z
2025-02-24 18:21:42,qubic-network,qubic,Qubic,0.00,170814564,332,1645880,0.00,0.00,-0.00,-1.98,2025-02-24T10:20:53.075Z
2025-02-24 18:21:42,rcge,$rcge,RCGE,0.01,168805259,333,2,%!f(<nil>),%!f(<nil>),%!f(<nil>),%!f(<nil>),2024-12-07T21:06:42.704Z
2025-02-24 18:21:42,peanut-the-squirrel,pnut,Peanut the Squirrel,0.17,167779213,334,228003183,0.19,0.16,-0.02,-9.25,2025-02-24T10:20:50.177Z
2025-02-24 18:21:42,hivemapper,honey,Hivemapper,0.04,167517188,336,670171,0.04,0.04,-0.00,-4.88,2025-02-24T10:20:51.910Z
2025-02-24 18:21:42,coinex-token,cet,CoinEx,0.06,167498498,335,117704,0.06,0.06,-0.00,-4.32,2025-02-24T10:20:49.783Z
2025-02-24 18:21:42,waves,waves,Waves,1.67,167142462,340,23763590,1.79,1.65,-0.05,-2.98,2025-02-24T10:20:35.845Z
2025-02-24 18:21:42,bitkub-coin,kub,Bitkub Coin,1.87,166064396,337,376025,1.92,1.87,-0.04,-2.08,2025-02-24T10:20:52.276Z
2025-02-24 18:21:42,terra-luna-2,luna,Terra,0.24,165985921,338,17225329,0.26,0.24,-0.02,-5.93,2025-02-24T10:20:46.612Z
2025-02-24 18:21:42,swftcoin,swftc,SWFTCOIN,0.02,165548471,339,21068474,0.02,0.02,-0.00,-2.17,2025-02-24T10:20:07.920Z
2025-02-24 18:21:42,lorenzo-stbtc,stbtc,Lorenzo stBTC,95263.00,164511697,341,57217,95579.00,94209.00,89.89,0.09,2025-02-24T10:20:50.006Z
2025-02-24 18:21:42,sushi,sushi,Sushi,0.85,163585436,342,35385293,0.90,0.84,-0.05,-5.80,2025-02-24T10:20:08.030Z
2025-02-24 18:21:42,reserve-protocol-eth-plus,eth+,ETHPlus,2808.52,162709399,343,130581,2945.81,2792.38,-114.36,-3.91,2025-02-24T10:20:54.632Z
2025-02-24 18:21:42,ontology,ont,Ontology,0.18,162153155,344,7520036,0.19,0.18,-0.01,-7.11,2025-02-24T10:20:46.470Z
2025-02-24 18:21:42,loopring,lrc,Loopring,0.13,161291393,345,18006751,0.14,0.13,-0.01,-6.89,2025-02-24T10:20:50.363Z
2025-02-24 18:21:42,compound-ether,ceth,cETH,53.97,160167309,346,1527,56.99,53.95,-2.48,-4.40,2025-02-24T10:20:49.404Z
2025-02-24 18:21:42,bnb48-club-token,koge,KOGE,47.15,159753973,347,77244,48.44,46.77,-1.17,-2.41,2025-02-24T10:20:46.438Z
2025-02-24 18:21:42,elixir-staked-deusd,sdeusd,Elixir Staked deUSD,1.03,159429486,348,265528,1.03,1.03,-0.00,-0.17,2025-02-24T10:20:42.717Z
2025-02-24 18:21:42,band-protocol,band,Band Protocol,1.01,158133138,349,12720216,1.11,1.01,-0.09,-8.13,2025-02-24T10:20:50.251Z
2025-02-24 18:21:42,mimblewimblecoin,mwc,MimbleWimbleCoin,14.37,157896647,350,135,16.02,14.28,-0.18,-1.23,2025-02-24T10:20:51.557Z
2025-02-24 18:21:42,zano,zano,Zano,10.68,156534228,351,505152,10.89,10.56,-0.09,-0.85,2025-02-24T10:20:28.610Z
2025-02-24 18:21:42,biconomy,bico,Biconomy,0.17,155852510,353,10193116,0.18,0.17,-0.01,-7.15,2025-02-24T10:20:51.360Z
2025-02-24 18:21:42,clearpool,cpool,Clearpool,0.21,155850750,354,4830030,0.23,0.20,-0.03,-11.09,2025-02-24T10:20:49.070Z
2025-02-24 18:21:42,kadena,kda,Kadena,0.51,155326097,352,11180473,0.56,0.50,-0.05,-9.30,2025-02-24T10:20:49.142Z
2025-02-24 18:21:42,memecoin-2,meme,Memecoin,0.00,154950906,355,39842230,0.00,0.00,-0.00,-10.18,2025-02-24T10:20:50.965Z
2025-02-24 18:21:42,casper-network,cspr,Casper Network,0.01,154781711,356,7410494,0.01,0.01,-0.00,-5.34,2025-02-24T10:20:48.873Z
2025-02-24 18:21:42,nano,xno,Nano,1.16,154464106,357,1351992,1.22,1.16,-0.06,-4.92,2025-02-24T10:20:45.578Z
2025-02-24 18:21:42,neiro-3,neiro,Neiro,0.00,152046925,358,67146673,0.00,0.00,-0.00,-7.29,2025-02-24T10:20:46.551Z
2025-02-24 18:21:42,m2-global-wealth-limited-mmx,mmx,MMX,0.96,152024029,359,150643,1.01,0.92,-0.02,-2.39,2025-02-24T10:20:50.179Z
2025-02-24 18:21:42,anime,anime,Animecoin,0.03,151829594,360,91679383,0.03,0.03,-0.00,-1.37,2025-02-24T10:20:48.777Z
2025-02-24 18:21:42,zignaly,zig,ZIGChain,0.11,151230363,361,17289222,0.11,0.11,-0.00,-1.17,2025-02-24T10:20:55.293Z
2025-02-24 18:21:42,hive,hive,Hive,0.33,151134513,362,8726862,0.34,0.32,-0.02,-4.92,2025-02-24T10:20:51.721Z
2025-02-24 18:21:42,alchemy-pay,ach,Alchemy Pay,0.03,150228242,363,49227297,0.03,0.03,-0.00,-9.31,2025-02-24T10:20:47.903Z
2025-02-24 18:21:42,blockv,vee,BLOCKv,0.04,150093095,364,1204778,0.04,0.04,0.00,6.60,2025-02-24T10:20:42.444Z
2025-02-24 18:21:42,frax-share,fxs,Frax Share,1.71,149602181,365,22057227,1.88,1.66,-0.16,-8.48,2025-02-24T10:20:49.899Z
2025-02-24 18:21:42,swipe,sxp,Solar,0.23,148221189,366,6376464,0.26,0.23,-0.02,-6.39,2025-02-24T10:20:49.395Z
2025-02-24 18:21:42,metis-token,metis,Metis,23.75,148081945,367,11875424,26.65,23.63,-2.88,-10.80,2025-02-24T10:20:51.408Z
2025-02-24 18:21:42,b3,b3,B3 (Base),0.01,146032699,368,45608472,0.01,0.01,-0.00,-7.79,2025-02-24T10:20:49.401Z
2025-02-24 18:21:42,world-mobile-token,wmtx,World Mobile Token,0.21,145545097,369,16033837,0.24,0.21,-0.02,-9.76,2025-02-24T10:20:27.738Z
2025-02-24 18:21:42,o-intelligence-coin,oi,O Intelligence Coin,143797834.00,145214364,370,47283817,166904683.00,131048663.00,-20298349.81,-12.37,2025-02-24T10:20:46.300Z
2025-02-24 18:21:42,amnis-aptos,amapt,Amnis Aptos,5.74,144793351,371,1903413,6.20,5.71,-0.42,-6.79,2025-02-24T10:20:48.548Z
2025-02-24 18:21:42,zelcash,flux,Flux,0.38,143790909,372,9842569,0.41,0.37,-0.03,-7.50,2025-02-24T10:20:48.942Z
2025-02-24 18:21:42,solo-coin,solo,Sologenic,0.36,143105248,373,1332745,0.39,0.35,-0.01,-3.33,2025-02-24T10:20:05.467Z
2025-02-24 18:21:42,rocket-pool,rpl,Rocket Pool,6.75,142676782,375,7920030,7.16,6.70,-0.42,-5.82,2025-02-24T10:20:55.203Z
2025-02-24 18:21:42,l2-standard-bridged-weth-blast,weth,L2 Standard Bridged WETH (Blast),2688.71,142608039,374,7945678,2831.47,2687.23,-123.05,-4.38,2025-02-24T10:20:50.432Z
2025-02-24 18:21:42,coti,coti,COTI,0.08,141980933,376,12741716,0.08,0.08,-0.00,-4.20,2025-02-24T10:20:50.167Z
2025-02-24 18:21:42,g-token,g,Gravity,0.02,139258434,377,7518281,0.02,0.02,-0.00,-3.08,2025-02-24T10:20:50.756Z
2025-02-24 18:21:42,manta-network,manta,Manta Network,0.37,139016909,378,34185993,0.41,0.37,-0.04,-9.71,2025-02-24T10:20:50.583Z
2025-02-24 18:21:42,paal-ai,paal,PAAL AI,0.16,138466493,379,2529012,0.17,0.15,-0.01,-6.92,2025-02-24T10:20:47.850Z
2025-02-24 18:21:42,astherus-staked-bnb,asbnb,Astherus Staked BNB,704.08,137837538,380,10,%!f(<nil>),%!f(<nil>),%!f(<nil>),%!f(<nil>),2025-02-22T19:29:54.157Z
2025-02-24 18:21:42,digibyte,dgb,DigiByte,0.01,137739850,381,3363014,0.01,0.01,-0.00,-4.43,2025-02-24T10:20:51.711Z
2025-02-24 18:21:42,zircuit,zrc,Zircuit,0.06,137023631,382,10249263,0.07,0.06,-0.00,-3.78,2025-02-24T10:20:12.621Z
2025-02-24 18:21:42,venus,xvs,Venus,8.24,136950201,383,19301208,8.52,8.07,-0.09,-1.09,2025-02-24T10:20:51.062Z
2025-02-24 18:21:42,solayer,layer,Solayer,0.65,136791385,384,83964685,0.69,0.64,-0.03,-4.21,2025-02-24T10:20:06.273Z
2025-02-24 18:21:42,kinesis-gold,kau,Kinesis Gold,94.73,136139208,386,4413744,95.41,93.87,0.71,0.76,2025-02-24T10:20:48.340Z
2025-02-24 18:21:42,solayer-staked-sol,ssol,Solayer Staked SOL,167.67,136133583,385,798629,181.80,167.62,-14.11,-7.76,2025-02-24T10:20:31.818Z
2025-02-24 18:21:42,aevo-exchange,aevo,Aevo,0.15,135178711,387,32611213,0.17,0.15,-0.01,-9.08,2025-02-24T10:20:46.239Z
2025-02-24 18:21:42,velo,velo,Velo,0.02,134928515,388,15255501,0.02,0.02,-0.00,-4.12,2025-02-24T10:20:45.408Z
2025-02-24 18:21:42,book-of-meme,bome,BOOK OF MEME,0.00,134580522,389,66415304,0.00,0.00,-0.00,-8.37,2025-02-24T10:20:47.891Z
2025-02-24 18:21:42,spell-token,spell,Spell,0.00,134494011,390,48137854,0.00,0.00,-0.00,-4.13,2025-02-24T10:20:49.221Z
2025-02-24 18:21:42,usual,usual,Usual,0.21,134255661,391,39439506,0.23,0.21,-0.02,-7.73,2025-02-24T10:20:10.041Z
2025-02-24 18:21:42,proton,xpr,XPR Network,0.00,133793675,392,22681535,0.01,0.00,-0.00,-9.45,2025-02-24T10:20:52.895Z
2025-02-24 18:21:42,uma,uma,UMA,1.57,133604587,393,19688081,1.70,1.55,-0.13,-7.64,2025-02-24T10:20:47.099Z
2025-02-24 18:21:42,icon,icx,ICON,0.13,133584833,394,1356896,0.14,0.13,-0.01,-5.66,2025-02-24T10:20:45.482Z
2025-02-24 18:21:42,adventure-gold,agld,Adventure Gold,1.43,133276826,395,20543801,1.52,1.41,-0.07,-4.40,2025-02-24T10:20:51.972Z
2025-02-24 18:21:42,cow-protocol,cow,CoW Protocol,0.32,133105042,396,17079228,0.38,0.32,-0.05,-14.34,2025-02-24T10:20:50.625Z
2025-02-24 18:21:42,fx-coin,fx,Function X,0.16,132470549,397,4879438,0.17,0.16,-0.00,-0.64,2025-02-24T10:20:49.586Z
2025-02-24 18:21:42,aleo,aleo,ALEO,0.40,132274426,398,12008065,0.41,0.37,0.01,1.65,2025-02-24T10:20:47.875Z
2025-02-24 18:21:42,illuvium,ilv,Illuvium,17.77,131864666,399,19823941,19.11,17.66,-1.33,-6.98,2025-02-24T10:20:42.883Z
2025-02-24 18:21:42,stasis-eurs,eurs,STASIS EURO,1.04,129627973,400,55117,1.05,1.03,-0.00,-0.15,2025-02-24T10:20:10.334Z
2025-02-24 18:21:42,cronos-bridged-usdc-cronos,usdc,Cronos Bridged USDC (Cronos),1.00,129342596,401,2948044,1.01,0.99,-0.00,-0.14,2025-02-24T10:20:50.087Z
2025-02-24 18:21:42,zebec-network,zbcn,Zebec Network,0.00,128786478,403,22733976,0.00,0.00,-0.00,-10.54,2025-02-24T10:20:09.172Z
2025-02-24 18:21:42,bybit-staked-sol,bbsol,Bybit Staked SOL,166.59,128690039,402,3252613,182.34,167.54,-15.75,-8.64,2025-02-24T10:20:48.206Z
2025-02-24 18:21:42,nkyc-token,nkyc,NKYC Token,32.09,128468754,404,276911,33.14,31.92,-0.97,-2.94,2025-02-24T10:20:45.510Z
2025-02-24 18:21:42,kamino,kmno,Kamino,0.09,128243237,405,7455403,0.10,0.09,-0.00,-2.36,2025-02-24T10:20:48.920Z
2025-02-24 18:21:42,space-id,id,SPACE ID,0.29,127017445,406,19097392,0.31,0.29,-0.01,-4.00,2025-02-24T10:20:18.252Z
2025-02-24 18:21:42,bonfida,fida,Solana Name Service,0.13,125226381,407,13021140,0.14,0.13,-0.01,-7.73,2025-02-24T10:20:42.890Z
2025-02-24 18:21:42,kinesis-silver,kag,Kinesis Silver,32.62,124732333,409,102411,32.94,32.03,-0.19,-0.58,2025-02-24T10:20:48.245Z
2025-02-24 18:21:42,radix,xrd,Radix,0.01,124520046,408,1494482,0.01,0.01,-0.00,-2.62,2025-02-24T10:20:53.361Z
2025-02-24 18:21:42,tensor,tnsr,Tensor,0.48,124097614,410,18308675,0.50,0.47,-0.01,-2.10,2025-02-24T10:20:32.889Z
2025-02-24 18:21:42,lisk,lsk,Lisk,0.74,123021002,411,13067228,0.77,0.74,-0.03,-4.05,2025-02-24T10:20:50.561Z
2025-02-24 18:21:42,wink-3,wink,Wink,0.12,122956553,412,4422190,0.12,0.11,0.00,1.34,2025-02-24T10:20:25.956Z
2025-02-24 18:21:42,polyhedra-network,zkj,Polyhedra Network,2.03,122802602,413,10152519,2.05,2.03,-0.01,-0.59,2025-02-24T10:20:52.159Z
2025-02-24 18:21:42,ripple-usd,rlusd,Ripple USD,1.00,122728120,414,41766570,1.00,0.99,-0.00,-0.05,2025-02-24T10:20:55.088Z
2025-02-24 18:21:42,balancer,bal,Balancer,1.97,122382751,415,12050686,2.09,1.94,-0.09,-4.36,2025-02-24T10:20:49.786Z
2025-02-24 18:21:42,audius,audio,Audius,0.09,122071256,416,7881385,0.10,0.09,-0.01,-5.17,2025-02-24T10:20:49.570Z
2025-02-24 18:21:42,prometeus,prom,Prom,6.66,121714347,417,8087258,6.80,6.50,0.09,1.34,2025-02-24T10:20:52.791Z
2025-02-24 18:21:42,across-protocol,acx,Across Protocol,0.28,121143260,418,11627480,0.31,0.28,-0.03,-8.99,2025-02-24T10:20:51.503Z
2025-02-24 18:21:42,stratis,strax,Stratis,0.06,121081338,420,22134628,0.06,0.06,-0.00,-0.18,2025-02-24T10:20:07.309Z
2025-02-24 18:21:42,pha,pha,PHALA,0.15,120889318,421,21238435,0.17,0.15,-0.01,-6.56,2025-02-24T10:20:50.683Z
2025-02-24 18:21:42,ampleforth,ampl,Ampleforth,1.13,120312513,422,345103,1.19,1.13,-0.05,-4.46,2025-02-24T10:20:49.639Z
2025-02-24 18:21:42,zeus-network,zeus,Zeus Network,0.31,120018218,423,4424096,0.36,0.31,-0.04,-11.74,2025-02-24T10:20:32.209Z
2025-02-24 18:21:42,delysium,agi,Delysium,0.08,119878696,419,2533990,0.08,0.08,-0.01,-7.12,2025-02-24T10:20:51.453Z
2025-02-24 18:21:42,myshell,shell,MyShell,0.43,117764636,424,28184498,0.46,0.41,0.01,2.42,2025-02-24T10:20:44.171Z
2025-02-24 18:21:42,usd-coin-ethereum-bridged,usdc.e,Arbitrum Bridged USDC (Arbitrum),1.00,116182819,425,47649800,1.00,0.99,-0.00,-0.10,2025-02-24T10:20:53.813Z
2025-02-24 18:21:42,moonbeam,glmr,Moonbeam,0.12,115983944,426,4882355,0.13,0.12,-0.01,-6.36,2025-02-24T10:20:43.991Z
2025-02-24 18:21:42,peaq-2,peaq,peaq,0.17,115759946,427,11132172,0.18,0.17,-0.01,-5.34,2025-02-24T10:20:49.392Z
2025-02-24 18:21:42,status,snt,Status,0.03,115739863,428,5747487,0.03,0.03,-0.00,-5.24,2025-02-24T10:20:53.339Z
2025-02-24 18:21:42,ecoin-2,ecoin,Ecoin,0.00,115310023,429,250,0.00,0.00,-0.00,-0.08,2025-02-24T10:20:42.407Z
2025-02-24 18:21:42,chaingpt,cgpt,ChainGPT,0.14,115033271,430,45424572,0.14,0.13,0.00,0.50,2025-02-24T10:20:50.040Z
2025-02-24 18:21:42,venice-token,vvv,Venice Token,4.18,114679095,432,24400798,4.46,4.11,-0.28,-6.20,2025-02-24T10:20:28.702Z
2025-02-24 18:21:42,scroll,scr,Scroll,0.60,114548107,431,13810071,0.65,0.60,-0.05,-7.26,2025-02-24T10:20:55.165Z
2025-02-24 18:21:42,oec-token,okt,OKT Chain,6.42,114540443,433,408454,6.81,6.42,-0.19,-2.81,2025-02-24T10:20:46.278Z
2025-02-24 18:21:42,iagon,iag,Iagon,0.30,113689704,434,501598,0.32,0.30,-0.02,-6.87,2025-02-24T10:20:42.519Z
2025-02-24 18:21:42,realtoken-ecosystem-governance,reg,RealToken Ecosystem Governance,1.58,113410421,435,2,1.59,1.56,0.00,0.26,2025-02-24T10:20:53.847Z
2025-02-24 18:21:42,power-ledger,powr,Powerledger,0.21,113062070,436,12423670,0.23,0.21,-0.01,-5.51,2025-02-24T10:20:53.052Z
2025-02-24 18:21:42,global-commercial-business,gcb,Global Commercial Business,0.09,112933678,437,223944,0.10,0.09,-0.00,-1.50,2025-02-24T10:20:50.596Z
2025-02-24 18:21:42,bora,bora,BORA,0.10,112658088,438,1316376,0.10,0.10,-0.00,-2.53,2025-02-24T10:20:47.829Z
2025-02-24 18:21:42,euro-coin,eurc,EURC,1.05,112570591,439,27254542,1.05,1.04,0.00,0.14,2025-02-24T10:20:48.672Z
2025-02-24 18:21:42,coreum,coreum,Coreum,0.17,112237392,440,262055,0.18,0.17,-0.00,-1.89,2025-02-24T10:20:49.958Z
2025-02-24 18:21:42,origin-ether,oeth,Origin Ether,2681.31,112209630,441,1050257,2853.87,2681.31,-164.79,-5.79,2025-02-24T10:20:46.927Z
2025-02-24 18:21:42,altlayer,alt,AltLayer,0.04,111942237,442,18303327,0.05,0.04,-0.00,-9.10,2025-02-24T10:20:48.507Z
2025-02-24 18:21:42,polygon-pos-bridged-dai-polygon-pos,dai,Polygon PoS Bridged DAI (Polygon POS),1.00,111780068,443,4176332,1.00,1.00,-0.00,-0.08,2025-02-24T10:20:52.140Z
2025-02-24 18:21:42,wax,waxp,WAX,0.03,111632026,444,8098381,0.03,0.03,-0.00,-5.41,2025-02-24T10:20:45.290Z
2025-02-24 18:21:42,sonic-svm,sonic,Sonic SVM,0.31,111477961,445,32580030,0.34,0.31,-0.03,-8.08,2025-02-24T10:20:12.634Z
2025-02-24 18:21:42,everipedia,iq,IQ,0.01,110735242,446,6311838,0.01,0.01,-0.00,-5.31,2025-02-24T10:20:48.635Z
2025-02-24 18:21:42,big-time,bigtime,Big Time,0.06,110456791,447,25810931,0.07,0.06,-0.01,-9.03,2025-02-24T10:20:51.793Z
2025-02-24 18:21:42,autonomi,ant,Autonomi,0.24,109620328,448,349115,0.24,0.20,0.00,1.94,2025-02-24T10:20:49.245Z
2025-02-24 18:21:42,humans-ai,heart,Humans.ai,0.01,109510801,449,386422,0.02,0.01,-0.00,-5.87,2025-02-24T10:20:54.742Z
2025-02-24 18:21:42,chromaway,chr,Chromia,0.13,108570525,450,9827910,0.14,0.13,-0.01,-7.09,2025-02-24T10:20:48.987Z
2025-02-24 18:21:42,dymension,dym,Dymension,0.46,108344925,451,10747284,0.51,0.45,-0.05,-10.22,2025-02-24T10:20:54.788Z
2025-02-24 18:21:42,nosana,nos,Nosana,1.29,107904462,452,957916,1.40,1.29,-0.11,-7.51,2025-02-24T10:20:45.759Z
2025-02-24 18:21:42,orbs,orbs,Orbs,0.02,107884804,455,6780376,0.03,0.02,-0.00,-3.44,2025-02-24T10:20:46.575Z
2025-02-24 18:21:42,uxd-protocol-token,uxp,UXD Protocol,0.02,107528942,453,138,0.02,0.02,-0.00,-0.07,2025-02-24T10:20:08.672Z
2025-02-24 18:21:42,global-dollar,usdg,Global Dollar,1.00,107508952,454,3614,1.00,1.00,0.00,0.04,2025-02-24T10:20:49.986Z
2025-02-24 18:21:42,zentry,zent,Zentry,0.02,107272388,456,5307312,0.02,0.02,-0.00,-2.47,2025-02-24T10:20:09.150Z
2025-02-24 18:21:42,lamina1,l1,Lamina1,0.07,106283027,457,71513,0.08,0.07,-0.00,-6.35,2025-02-24T10:20:48.864Z
2025-02-24 18:21:42,blast,blast,Blast,0.00,105985578,458,5092054,0.00,0.00,-0.00,-8.02,2025-02-24T10:20:55.133Z
2025-02-24 18:21:42,venom,venom,Venom,0.05,105906430,459,298560,0.05,0.05,0.00,4.76,2025-02-24T10:20:11.381Z
2025-02-24 18:21:42,steakhouse-usdc-morpho-vault,steakusdc,Steakhouse USDC Morpho Vault,1.07,105726105,460,0,1.08,1.07,0.00,0.01,2025-02-24T10:20:06.601Z
2025-02-24 18:21:42,eutbl,eutbl,Spiko EU T-Bills Money Market Fund,1.08,105724374,461,0,1.08,1.07,0.00,0.15,2025-02-24T10:20:01.642Z
2025-02-24 18:21:42,hamster-kombat,hmstr,Hamster Kombat,0.00,105622416,462,12351168,0.00,0.00,-0.00,-3.07,2025-02-24T10:20:55.428Z
2025-02-24 18:21:42,ong,ong,Ontology Gas,0.26,105295106,463,3126502,0.27,0.26,-0.01,-4.85,2025-02-24T10:20:49.902Z
2025-02-24 18:21:42,moonwell-artemis,well,Moonwell,0.03,104966963,464,2400026,0.03,0.03,-0.00,-5.99,2025-02-24T10:20:43.136Z
2025-02-24 18:21:42,mines-of-dalarnia,dar,Mines of Dalarnia,0.13,104791118,465,617394,0.14,0.09,0.01,10.80,2025-02-24T10:20:51.773Z
2025-02-24 18:21:42,iostoken,iost,IOST,0.00,104331863,466,8514707,0.01,0.00,-0.00,-6.29,2025-02-24T10:20:48.211Z
2025-02-24 18:21:42,anzen-usdz,usdz,Anzen USDz,0.99,104302250,467,274482,1.00,0.99,-0.00,-0.34,2025-02-24T10:20:48.746Z
2025-02-24 18:21:42,euler,eul,Euler,5.43,103659799,468,1651992,6.09,5.46,-0.34,-5.85,2025-02-24T10:20:49.168Z
2025-02-24 18:21:42,taiko,taiko,Taiko,0.98,103167451,470,8089552,1.05,0.96,-0.08,-7.26,2025-02-24T10:20:36.590Z
2025-02-24 18:21:42,bitmart-token,bmx,BitMart,0.30,103108347,469,3899711,0.32,0.30,-0.01,-3.68,2025-02-24T10:20:51.673Z
2025-02-24 18:21:42,mythos,myth,Mythos,0.13,102931337,471,780568,0.14,0.13,-0.01,-5.09,2025-02-24T10:20:44.408Z
2025-02-24 18:21:42,gama-coin,gama,GAMA Coin,1.57,101963908,472,2592207,1.58,1.56,-0.01,-0.60,2025-02-24T10:20:49.506Z
2025-02-24 18:21:42,civic,cvc,Civic,0.13,101628818,473,97411184,0.15,0.13,-0.00,-0.52,2025-02-24T10:20:49.280Z
2025-02-24 18:21:42,constitutiondao,people,ConstitutionDAO,0.02,101226744,475,36484619,0.02,0.02,-0.00,-7.75,2025-02-24T10:20:55.566Z
2025-02-24 18:21:42,vvs-finance,vvs,VVS Finance,0.00,101140447,476,329152,0.00,0.00,-0.00,-0.37,2025-02-24T10:20:14.186Z
2025-02-24 18:21:42,singularitynet,agix,SingularityNET,0.32,100957386,478,134473,0.34,0.32,-0.02,-5.89,2025-02-24T10:20:33.522Z
2025-02-24 18:21:42,syrup,syrup,Maple Finance,0.14,100940698,479,1167288,0.14,0.14,-0.00,-0.81,2025-02-24T10:20:28.932Z
2025-02-24 18:21:42,kelp-gain,ageth,Kelp Gain,2752.71,100905144,474,158285,2905.21,2754.41,-128.74,-4.47,2025-02-24T10:20:48.324Z
2025-02-24 18:21:42,xai-blockchain,xai,Xai,0.09,100869093,480,39521863,0.10,0.09,-0.01,-6.88,2025-02-24T10:20:09.235Z
2025-02-24 18:21:42,0x0-ai-ai-smart-contract,0x0,0x0.ai: AI Smart Contract,0.11,100690066,481,235251,0.13,0.11,-0.01,-9.13,2025-02-24T10:20:51.230Z
2025-02-24 18:21:42,marlin,pond,Marlin,0.01,100610929,482,8849843,0.01,0.01,-0.00,-5.71,2025-02-24T10:20:53.744Z
2025-02-24 18:21:42,resolv-rlp,rlp,Resolv RLP,1.16,100513160,483,298905,1.18,1.16,-0.01,-0.50,2025-02-24T10:20:54.926Z
2025-02-24 18:21:42,huobi-token,ht,Huobi,0.63,100455122,484,12018,0.67,0.63,-0.02,-2.61,2025-02-24T10:20:42.322Z
2025-02-24 18:21:42,verge,xvg,Verge,0.01,99993285,486,6984408,0.01,0.01,-0.00,-6.87,2025-02-24T10:20:08.798Z
2025-02-24 18:21:42,goatseus-maximus,goat,Goatseus Maximus,0.10,99915654,485,28248207,0.11,0.10,-0.01,-8.39,2025-02-24T10:20:50.485Z
2025-02-24 18:21:42,mass-vehicle-ledger,mvl,MVL,0.00,99585809,477,391296,0.00,0.00,-0.00,-5.31,2025-02-24T10:20:51.097Z
2025-02-24 18:21:42,dogelon-mars,elon,Dogelon Mars,0.00,99241676,487,3739252,0.00,0.00,-0.00,-6.51,2025-02-24T10:20:51.731Z
2025-02-24 18:21:42,yield-guild-games,ygg,Yield Guild Games,0.24,98786421,488,22862517,0.26,0.24,-0.02,-8.17,2025-02-24T10:20:09.690Z
2025-02-24 18:21:42,sathosi-airlines-token,jet,Satoshi Airline,0.93,97860479,489,949476,0.96,0.93,0.00,0.39,2025-02-24T10:20:04.771Z
2025-02-24 18:21:42,sbtc-2,sbtc,sBTC,97355.00,97419325,490,69229,99186.00,97054.00,-1232.61,-1.25,2025-02-24T10:20:04.534Z
2025-02-24 18:21:42,tars-protocol,tai,TARS AI,0.17,97357650,491,3142499,0.18,0.16,-0.01,-6.38,2025-02-24T10:20:27.334Z
2025-02-24 18:21:42,goldfinch,gfi,Goldfinch,1.05,96607227,492,829060,1.09,1.04,-0.04,-4.03,2025-02-24T10:20:50.125Z
2025-02-24 18:21:42,geodnet,geod,Geodnet,0.30,96583997,493,131142,0.31,0.30,-0.01,-1.82,2025-02-24T10:20:50.508Z
2025-02-24 18:21:42,orca,orca,Orca,1.80,96396143,494,18659583,1.87,1.76,-0.06,-3.08,2025-02-24T10:20:46.685Z
2025-02-24 18:21:42,smooth-love-potion,slp,Smooth Love Potion,0.00,96095143,495,14898942,0.00,0.00,-0.00,-6.17,2025-02-24T10:20:46.671Z
2025-02-24 18:21:42,deso,deso,Decentralized Social,9.10,95789616,496,489649,10.30,8.88,0.07,0.79,2025-02-24T10:20:51.637Z
2025-02-24 18:21:42,fartboy,$fartboy,Fartboy,0.10,95369840,497,1750881,0.12,0.09,-0.01,-6.82,2025-02-24T10:20:48.545Z
2025-02-24 18:21:42,l2-standard-bridged-frxusd,frxusd,L2 Standard Bridged frxUSD,0.99,94246109,498,1286937,1.00,0.99,-0.01,-0.82,2025-02-24T10:20:48.940Z
2025-02-24 18:21:42,pundi-x-2,pundix,Pundi X,0.36,93458590,499,6275651,0.38,0.36,-0.02,-4.44,2025-02-24T10:20:53.086Z
2025-02-24 18:21:42,auction,auction,Bounce,14.17,93403744,500,65117126,14.42,13.12,0.96,7.29,2025-02-24T10:20:49.468Z
